,Schizophrenia,No Schizophrenia
count,30.0,32.0
mean,39.6,41.0
std,16.20472472608763,13.406786918716616
min,19.0,18.0
25%,22.5,30.75
50%,38.5,41.5
75%,52.75,52.0
max,66.0,65.0
